,FileName,Plate
0,17746846.jpg,90 102 WAA
1,17746598.jpg,40 X 507 CA
2,17743850.jpg,80 X 599 PA
3,17743806.jpg,0672 BA 01
4,17743802.jpg,01 H 462 HB
5,17743232.jpg,6946 AA 50
6,17741404.jpg,90 016 BBA
7,17741399.jpg,6095 AA 90
8,17740488.jpg,01 391 EFA
9,17740469.jpg,01 392 EFA
10,17740046.jpg,30 Q 066 EA
11,17739357.jpg,70 703 YAA
12,17739273.jpg,30 625 DBA
13,17739272.jpg,30 617 DBA
14,17739269.jpg,40 U 783 SA
15,17739267.jpg,40 483 LBA
16,17739264.jpg,40 U 737 SA
17,17739260.jpg,50 041 ABA
18,17739256.jpg,50 W 151 MA
19,17739252.jpg,75 T 017 KA
20,17739075.jpg,50 265 YAA
21,17739067.jpg,40 816 RBA
22,17739065.jpg,40 A 945 SA
23,17738615.jpg,40 K 540 QA
24,17738598.jpg,40 B 849 SA
25,17737189.jpg,6757 AA 80
26,17735722.jpg,90 A 114 OA
27,17735458.jpg,30 857 KBA
28,17734727.jpg,80 576 JBA
29,17734722.jpg,4928 AA 80
30,17730180.jpg,50 R 467 NA
31,17730164.jpg,80 U 135 NA
32,17730147.jpg,80 G 395 OA
33,17726611.jpg,01 018 VSF
34,17726607.jpg,01 021 VSF
35,17726603.jpg,01 022 VSF
36,17726601.jpg,01 088 VSF
37,17726595.jpg,01 094 VSF
38,17726591.jpg,01 121 VSF
39,17726588.jpg,01 138 VSF
40,17726583.jpg,01 171 VSF
41,17726580.jpg,01 226 VSF
42,17726576.jpg,01 705 VSF
43,17726572.jpg,01 715 VSF
44,17726567.jpg,01 102 VSF
45,17726563.jpg,01 102 VSC
46,17726558.jpg,01 131 VSC
47,17726548.jpg,01 167 VSC
48,17726543.jpg,01 191 VSC
49,17726538.jpg,01 499 VSC
50,17726535.jpg,01 878 VSC
51,17726525.jpg,01 890 VSC
52,17726521.jpg,01 918 VSC
53,17726513.jpg,01 933 VSC
54,17726509.jpg,01 936 VSC
55,17726497.jpg,10 174 DAV
56,17726429.jpg,80 W 524 PA
57,17726049.jpg,01 B 860 BB
58,17726039.jpg,01 B 470 BB
59,17726009.jpg,01 M 000004
60,17725980.jpg,60 M 000047
61,17725956.jpg,20 M 000076
62,17725910.jpg,75 M 000190
63,17725895.jpg,25 M 000230
64,17725861.jpg,01 M 009797
65,17725833.jpg,01 M 007100
66,17725818.jpg,01 M 010014
67,17725796.jpg,01 M 012225
68,17725764.jpg,01 M 002202
69,17725735.jpg,01 M 009799
70,17725702.jpg,01 M 006939
71,17725669.jpg,10 H 000555
72,17725636.jpg,10 H 002222
73,17725610.jpg,01 H 007766
74,17725592.jpg,01 H 004747
75,17725578.jpg,01 H 008100
76,17725559.jpg,01 H 008100
77,17725544.jpg,01 H 008900
78,17725527.jpg,01 H 000308
79,17725507.jpg,01 H 003019
80,17725492.jpg,01 H 008674
81,17725468.jpg,01 H 008502
82,17723783.jpg,40 825 NBA
83,17723727.jpg,50 429 MBA
84,17723708.jpg,60 510 KBA
85,17723698.jpg,01 821 VHA
86,17723691.jpg,80 653 HBA
87,17723686.jpg,40 L 342 SA
88,17723683.jpg,40 X 566 SA
89,17723681.jpg,95 547 YAA
90,17723676.jpg,95 546 YAA
91,17723673.jpg,40 293 NBA
92,17723655.jpg,40 852 NBA
93,17723653.jpg,30 S 805 PA
94,17723652.jpg,40 H 544 WA
95,17723646.jpg,50 961 ABA
96,17723535.jpg,40 Q 505 EA
97,17720834.jpg,80 H 467 FA
98,17720831.jpg,80 H 467 FA
99,17720784.jpg,4514 AA 80
100,17719147.jpg,40 280 UBA
101,17718548.jpg,10 Y 300 QA
102,17718545.jpg,50 J 009 QA
103,17718542.jpg,10 J 444 QA
104,17718539.jpg,10 U 111 VA
105,17718538.jpg,10 X 100 SA
106,17718536.jpg,10 P 900 AA
107,17718534.jpg,10 R 500 OA
108,17718365.jpg,10 103 DAV
109,17718355.jpg,10 016 ZBA
110,17718350.jpg,10 025 ZBA
111,17718334.jpg,10 H 275 RA
112,17718325.jpg,10 H 235 RA
113,17717545.jpg,2552 AA 85
114,17717358.jpg,01 638 SBA
115,17713910.jpg,30 G 042 DA
116,17713676.jpg,9138 AA 01
117,17713643.jpg,50 V 586 EA
118,17713475.jpg,80 K 277 MA
119,17713458.jpg,50 W 751 MA
120,17713197.jpg,60 252 DBA
121,17713182.jpg,3375 AA 60
122,17710000.jpg,01 293 VSG
123,17709995.jpg,01 776 VSC
124,17709990.jpg,01 699 VSC
125,17709984.jpg,01 725 PSV
126,17709978.jpg,01 055 PSP
127,17709952.jpg,01 707 APC
128,17709942.jpg,10 008 DAV
129,17709938.jpg,01 021 DAV
130,17709934.jpg,01 026 DAV
131,17709931.jpg,01 028 DAV
132,17709928.jpg,01 029 DAV
133,17709926.jpg,01 031 DAV
134,17708533.jpg,2018 BA 40
135,17708261.jpg,7933 AA 10
136,17708036.jpg,9808 AA 10
137,17708027.jpg,9512 AA 10
138,17708022.jpg,8171 AA 10
139,17708015.jpg,9519 AA 10
140,17708002.jpg,9837 AA 10
141,17707972.jpg,01 O 133 XA
142,17706592.jpg,1994 BA 01
143,17705673.jpg,40 X 784 SA
144,17705466.jpg,85 980 MAA
145,17704972.jpg,30 R 621 NA
146,17704436.jpg,50 T 472 PA
147,17704415.jpg,30 H 145 QA
148,17703686.jpg,90 083 BBA
149,17703669.jpg,6515 AA 90
150,17699916.jpg,40 M 307 RA
151,17699881.jpg,80 F 082 JA
152,17697951.jpg,80 083 WAA
153,17697949.jpg,01 B 446 BB
154,17697942.jpg,1390 AA 80
155,17697915.jpg,01 B 120 BB
156,17696701.jpg,30 F 817 TA
157,17696641.jpg,30 E 844 EA
158,17696638.jpg,50 203 BBA
159,17696625.jpg,80 098 HBA
160,17696606.jpg,60 277 KBA
161,17694043.jpg,40 E 436 RA
162,17694008.jpg,40 627 PBA
163,17692868.jpg,01 821 JGA
164,17692866.jpg,01 527 DEA
165,17691041.jpg,40 512 UBA
166,17691038.jpg,40 O 301 WA
167,17691036.jpg,80 685 HBA
168,17691032.jpg,80 652 HBA
169,17691018.jpg,10 516 DCA
170,17691013.jpg,40 P 842 KA
171,17691011.jpg,10 J 077 KA
172,17691009.jpg,01 L 166 LB
173,17691007.jpg,50 S 628 NA
174,17691005.jpg,10 072 VBA
175,17690999.jpg,50 S 080 FA
176,17690997.jpg,40 552 LBA
177,17690992.jpg,50 620 YAA
178,17690989.jpg,40 456 RBA
179,17690986.jpg,01 689 MBA
180,17690982.jpg,10 S 625 QA
181,17690969.jpg,40 G 450 TA
182,17690966.jpg,50 020 UAA
183,17690963.jpg,40 K 187 NA
184,17690960.jpg,40 Z 069 QA
185,17690526.jpg,0251 BA 40
186,17690248.jpg,01 R 850 EB
187,17690244.jpg,01 A 590 GB
188,17689975.jpg,7782 AA 50
189,17689973.jpg,2315 BA 40
190,17689971.jpg,4330 AA 30
191,17689969.jpg,9470 AA 50
192,17689961.jpg,2294 BA 01
193,17689959.jpg,3397 BA 40
194,17689957.jpg,9336 AA 50
195,17689587.jpg,01 235 YFA
196,17689585.jpg,01 235 YFA
197,17689577.jpg,6388 AA 01
198,17683159.jpg,50 K 195 HA
199,17683155.jpg,3895 AA 50
200,17682889.jpg,10 V 630 PA
201,17682697.jpg,80 D 587 KA
202,17682102.jpg,70 O 968 QA
203,17682101.jpg,01 559 LGA
204,17682100.jpg,10 943 UBA
205,17682099.jpg,01 P 303 MA
206,17682098.jpg,01 F 130 PA
207,17681783.jpg,10 454 NBA
208,17681779.jpg,10 453 NBA
209,17681720.jpg,10 999 ABA
210,17681714.jpg,10 099 ABA
211,17681697.jpg,10 K 111 UA
212,17681692.jpg,10 P 030 AA
213,17681655.jpg,01 777 JHA
214,17681634.jpg,01 777 HHA
215,17681623.jpg,01 777 XCA
216,17681606.jpg,01 777 FGA
217,17681592.jpg,01 777 XCA
218,17681553.jpg,01 777 TGA
219,17681534.jpg,01 777 OBA
220,17681521.jpg,01 777 TAA
221,17681503.jpg,10 777 TAA
222,17681456.jpg,10 777 JAA
223,17681443.jpg,10 777 JAA
224,17681428.jpg,10 777 KAA
225,17681398.jpg,10 777 KBA
226,17681368.jpg,10 777 TBA
227,17681298.jpg,10 B 777 BA
228,17681287.jpg,60 S 777 RA
229,17681262.jpg,10 G 777 AA
230,17681246.jpg,01 O 777 BA
231,17681231.jpg,10 G 777 RA
232,17681218.jpg,01 B 777 JB
233,17681206.jpg,01 S 777 TA
234,17681195.jpg,01 O 777 NB
235,17681169.jpg,01 W 777 DB
236,17681148.jpg,01 W 777 DA
237,17681141.jpg,01 W 777 DA
238,17681109.jpg,01 E 777 EA
239,17681090.jpg,25 D 777 FA
240,17681069.jpg,10 X 777 RA
241,17681053.jpg,01 L 777 NA
242,17681040.jpg,10 L 777 RA
243,17681024.jpg,10 S 777 RA
244,17681002.jpg,01 Y 777 MA
245,17680978.jpg,01 B 777 OA
246,17680963.jpg,01 N 777 LB
247,17680914.jpg,01 M 777 GA
248,17680891.jpg,50 V 777 QA
249,17680873.jpg,01 N 777 MA
250,17680851.jpg,01 U 777 BB
251,17680832.jpg,10 D 777 RA
252,17680806.jpg,10 H 777 SA
253,17680777.jpg,01 G 777 JA
254,17680758.jpg,01 J 777 RA
255,17680734.jpg,01 W 777 FB
256,17680719.jpg,01 T 777 EB
257,17680688.jpg,01 X 777 KA
258,17680651.jpg,10 D 777 QA
259,17680624.jpg,01 U 777 JB
260,17680506.jpg,01 O 777 HA
261,17680482.jpg,01 Y 777 EB
262,17680459.jpg,30 B 777 VA
263,17680432.jpg,01 H 777 KA
264,17680398.jpg,01 D 777 KA
265,17680372.jpg,40 W 777 PA
266,17680354.jpg,01 G 777 NA
267,17680338.jpg,01 U 777 JA
268,17680319.jpg,01 O 777 JA
269,17680295.jpg,70 D 777 OA
270,17680272.jpg,01 N 777 JB
271,17680252.jpg,01 H 777 AA
272,17680235.jpg,01 A 777 EB
273,17678244.jpg,10 162 ABA
274,17677588.jpg,01 T 682 SA
275,17676405.jpg,25 H 835 GA
276,17676403.jpg,40 031 LBA
277,17676400.jpg,40 209 NBA
278,17676398.jpg,40 B 094 SA
279,17676395.jpg,40 K 405 DA
280,17676258.jpg,50 Y 570 OA
281,17676220.jpg,50 C 627 NA
282,17676218.jpg,10 D 450 WA
283,17676197.jpg,10 327 TBA
284,17675037.jpg,7859 AA 50
285,17674643.jpg,50 E 010 QA
286,17674631.jpg,9229 AA 50
287,17673788.jpg,40 N 170 HA
288,17665715.jpg,10 Z 879 VA
289,17665710.jpg,75 N 608 EA
290,17665707.jpg,30 M 060 SA
291,17665703.jpg,50 021 CBA
292,17665693.jpg,30 746 UAA
293,17663029.jpg,50 A 021 NA
294,17663015.jpg,01 630 QGA
295,17663004.jpg,50 Z 335 OA
296,17662987.jpg,30 N 322 QA
297,17662970.jpg,50 009 DBA
298,17662959.jpg,50 055 JBA
299,17662947.jpg,60 H 426 RA
300,17662943.jpg,70 W 787 OA
301,17662934.jpg,30 V 339 CA
302,17662927.jpg,20 P 422 EA
303,17662918.jpg,30 R 644 VA
304,17662913.jpg,30 P 310 SA
305,17662910.jpg,30 N 280 VA
306,17662816.jpg,50 W 010 KA
307,17662811.jpg,50 W 010 LA
308,17662809.jpg,01 756 EFA
309,17662806.jpg,01 C 217 AB
310,17662803.jpg,80 325 DBA
311,17662800.jpg,75 H 595 HA
312,17662795.jpg,01 J 249 LB
313,17662769.jpg,40 Z 251 KA
314,17662281.jpg,90 G 560 LA
315,17661514.jpg,60 351 HBA
316,17661513.jpg,60 A 574 SA
317,17661508.jpg,01 X 289 NB
318,17661507.jpg,50 Z 619 NA
319,17661503.jpg,50 Y 851 OA
320,17661131.jpg,40 003 CAA
321,17656875.jpg,80 O 878 OA
322,17654320.jpg,80 S 045 QA
323,17654317.jpg,40 H 462 CA
324,17654293.jpg,40 793 SBA
325,17652497.jpg,80 547 HBA
326,17652479.jpg,10 846 SBA
327,17652344.jpg,30 500 KBA
328,17651911.jpg,50 D 037 PA
329,17651043.jpg,40 736 PBA
330,17650701.jpg,40 G 188 WA
331,17650687.jpg,70 S 388 NA
332,17650672.jpg,80 P 577 HA
333,17650654.jpg,80 S 489 OA
334,17650634.jpg,80 010 RAA
335,17650624.jpg,80 154 MBA
336,17650612.jpg,80 W 242 MA
337,17650596.jpg,50 423 MBA
338,17650582.jpg,10 P 691 SA
339,17650573.jpg,50 465 BBA
340,17650057.jpg,90 615 WAA
341,17647477.jpg,50 T 137 NA
342,17647256.jpg,7698 AA 01
343,17647230.jpg,01 E 340 BA
344,17647207.jpg,10 P 770 DA
345,17647198.jpg,10 P 770 JA
346,17647173.jpg,10 X 020 LA
347,17647163.jpg,10 J 030 KA
348,17647160.jpg,01 O 711 AB
349,17647110.jpg,01 P 999 AA
350,17644459.jpg,9553 AA 10
351,17642479.jpg,10 S 689 OA
352,17642475.jpg,1636 AA 80
353,17641763.jpg,40 741 LBA
354,17641755.jpg,40 A 801 SA
355,17637519.jpg,30 500 KBA
356,17635645.jpg,80 F 791 OA
357,17635642.jpg,7147 AA 80
358,17635496.jpg,01 218 VHA
359,17635327.jpg,40 B 402 OA
360,17635137.jpg,50 A 803 NA
361,17635121.jpg,50 057 CBA
362,17635107.jpg,50 283 ZAA
363,17634724.jpg,25 075 DAV
364,17634723.jpg,01 296 VSF
365,17634722.jpg,50 E 563 SA
366,17634721.jpg,01 400 REA
367,17634136.jpg,10 164 YBA
368,17626551.jpg,70 E 001 QA
369,17626543.jpg,40 P 640 SA
370,17626529.jpg,40 005 WAA
371,17621552.jpg,90 D 840 LA
372,17621296.jpg,8790 AA 10
373,17620510.jpg,50 857 WAA
374,17620006.jpg,50 229 CBA
375,17615042.jpg,90 V 079 GA
376,17611813.jpg,10 J 783 CA
377,17611796.jpg,75 F 242 KA
378,17611477.jpg,80 313 HBA
379,17611472.jpg,90 124 FBA
380,17611469.jpg,40 285 UBA
381,17611461.jpg,30 647 DBA
382,17611460.jpg,10 X 331 QA
383,17611438.jpg,50 T 235 AA
384,17611436.jpg,95 U 665 HA
385,17611434.jpg,40 V 755 OA
386,17611430.jpg,50 L 320 RA
387,17611426.jpg,01 574 ZFA
388,17611044.jpg,30 746 UAA
389,17611042.jpg,10 L 367 DA
390,17611030.jpg,85 183 QAA
391,17611021.jpg,01 635 JGA
392,17605766.jpg,30 P 444 RA
393,17605740.jpg,90 937 DBA
394,17604985.jpg,10 F 074 WA
395,17604982.jpg,10 F 074 WA
396,17604785.jpg,01 514 VSC
397,17600363.jpg,40 X 286 UA
398,17600360.jpg,40 W 129 VA
399,17597830.jpg,40 C 271 UA
400,17597100.jpg,10 B 100 AA
401,17596216.jpg,01 029 BGF
402,17595682.jpg,01 T 403 BB
403,17595674.jpg,01 T 403 BB
404,17595666.jpg,8286 AA 01
405,17589633.jpg,4256 AA 90
406,17587970.jpg,01 J 555 KA
407,17587964.jpg,01 558 AHA
408,17587960.jpg,10 713 VSF
409,17587924.jpg,40 T 632 SA
410,17583021.jpg,01 K 439 GB
411,17583017.jpg,01 639 TEA
412,17582880.jpg,80 H 964 QA
413,17580723.jpg,30 Y 375 RA
414,17580539.jpg,40 P 420 QA
415,17580534.jpg,01 L 815 DB
416,17580530.jpg,40 O 289 RA
417,17580529.jpg,40 K 402 DA
418,17580294.jpg,40 M 877 KA
419,17578887.jpg,01 K 647 PA
420,17578825.jpg,01 K 647 PA
421,17578791.jpg,6254 AA 80
422,17577353.jpg,50 900 MAA
423,17577340.jpg,50 900 BAA
424,17576721.jpg,50 W 209 NA
425,17575838.jpg,01 320 OEA
426,17575829.jpg,40 F 923 SA
427,17575825.jpg,40 W 810 TA
428,17575822.jpg,50 768 ABA
429,17575820.jpg,40 L 505 JA
430,17574078.jpg,90 Y 249 JA
431,17574067.jpg,90 Y 669 NA
432,17574006.jpg,20 888 OAA
433,17573991.jpg,10 888 OAA
434,17573980.jpg,25 888 EAA
435,17573970.jpg,25 888 DAA
436,17573957.jpg,01 888 SAA
437,17573950.jpg,01 888 WAA
438,17573925.jpg,50 888 TAA
439,17573887.jpg,01 V 888 BB
440,17573866.jpg,01 J 888 BB
441,17573849.jpg,01 M 888 BB
442,17573836.jpg,01 Q 888 BB
443,17573823.jpg,2969 BA 40
444,17573607.jpg,50 X 366 NA
445,17573567.jpg,50 S 513 FA
446,17571452.jpg,40 S 242 MA
447,17571315.jpg,1124 BA 01
448,17569026.jpg,80 Q 471 OA
449,17568900.jpg,01 B 888 PA
450,17568865.jpg,01 S 888 KA
451,17568846.jpg,01 Z 888 AB
452,17568819.jpg,01 R 888 PA
453,17568758.jpg,01 Q 888 HA
454,17568738.jpg,10 M 888 SA
455,17568722.jpg,10 M 888 SA
456,17568704.jpg,10 D 888 PA
457,17568683.jpg,10 A 888 UA
458,17568659.jpg,01 O 888 LA
459,17568649.jpg,01 O 888 SA
460,17568617.jpg,10 O 888 RA
461,17568581.jpg,01 S 888 FA
462,17568570.jpg,95 C 888 GA
463,17568558.jpg,95 C 888 GA
464,17568548.jpg,60 P 888 PA
465,17568536.jpg,60 P 888 PA
466,17568519.jpg,50 X 888 BA
467,17568500.jpg,60 X 888 OA
468,17568489.jpg,30 H 888 TA
469,17568475.jpg,25 D 888 FA
470,17568464.jpg,25 L 888 FA
471,17568450.jpg,70 L 888 AA
472,17568434.jpg,01 N 888 AA
473,17568417.jpg,01 D 888 AA
474,17568390.jpg,10 855 GAA
475,17567259.jpg,50 497 BBA
476,17566728.jpg,10 V 648 PA
477,17566340.jpg,01 821 VHA
478,17566195.jpg,90 N 556 CA
479,17566073.jpg,90 B 076 KA
480,17565994.jpg,40 726 SBA
481,17565932.jpg,90 W 557 KA
482,17565835.jpg,10 251 SBA
483,17564168.jpg,40 C 753 QA
484,17564126.jpg,40 O 058 QA
485,17564123.jpg,40 K 271 TA
486,17563808.jpg,50 W 625 PA
487,17563310.jpg,50 E 165 OA
488,17563003.jpg,8049 AA 01
489,17562889.jpg,01 W 987 WA
490,17562886.jpg,50 468 BBA
491,17562877.jpg,40 076 VAA
492,17562859.jpg,40 764 RBA
493,17560079.jpg,01 L 350 HB
494,17560075.jpg,01 L 350 HB
495,17558796.jpg,7846 AA 40
496,17558793.jpg,50 X 159 NA
497,17558791.jpg,50 042 DBA
498,17558790.jpg,01 549 KGA
499,17558787.jpg,01 921 KGA
500,17558071.jpg,50 T 133 DA
501,17558051.jpg,50 482 YAA
502,17556289.jpg,1078 BA 40
503,17555941.jpg,9666 AA 50
504,17555675.jpg,3056 AA 75
505,17555578.jpg,30 R 901 DA
506,17555568.jpg,90 135 ABA
507,17555563.jpg,30 Y 901 LA
508,17555248.jpg,40 P 113 QA
509,17555044.jpg,10 K 027 QA
510,17555039.jpg,40 659 UBA
511,17555033.jpg,40 672 UBA
512,17551415.jpg,50 182 BBA
513,17550769.jpg,01 944 HBA
514,17550767.jpg,2315 AA 01
515,17548900.jpg,90 826 ABA
516,17548760.jpg,50 T 157 NA
517,17548755.jpg,40 A 962 SA
518,17548343.jpg,01 W 461 DA
519,17546626.jpg,10 802 SBA
520,17546624.jpg,40 379 UBA
521,17546620.jpg,10 789 UBA
522,17546614.jpg,40 650 TAA
523,17546607.jpg,10 091 PBA
524,17546604.jpg,60 P 884 NA
525,17545847.jpg,01 Z 362 AB
526,17543230.jpg,10 X 145 JA
527,17543226.jpg,10 101 EAA
528,17543223.jpg,01 444 DAA
529,17543220.jpg,01 515 QBA
530,17543217.jpg,10 304 XAA
531,17543211.jpg,40 309 SBA
532,17543207.jpg,10 900 JBA
533,17543204.jpg,01 M 707 NB
534,17543202.jpg,10 008 HAA
535,17543199.jpg,01 K 009 AB
536,17543196.jpg,10 700 ZBA
537,17543193.jpg,10 D 666 VA
538,17541679.jpg,30 D 888 AA
539,17539084.jpg,01 K 951 OB
540,17538473.jpg,90 U 318 KA
541,17538454.jpg,90 U 318 KA
542,17537874.jpg,10 164 PBA
543,17537806.jpg,80 G 627 OA
544,17537413.jpg,70 B 027 RA
545,17537411.jpg,70 B 027 RA
546,17536579.jpg,90 F 136 AA
547,17535376.jpg,30 340 JBA
548,17535270.jpg,01 A 746 GB
549,17534566.jpg,2146 AA 85
550,17534558.jpg,2525 AA 85
551,17534539.jpg,2574 AA 85
552,17534529.jpg,3549 BA 40
553,17534512.jpg,0297 BA 01
554,17534506.jpg,0128 BA 01
555,17534496.jpg,50 470 BBA
556,17534485.jpg,50 265 YAA
557,17534473.jpg,10 P 980 QA
558,17534453.jpg,50 753 YAA
559,17534305.jpg,0008 BA 50
560,17534236.jpg,40 M 877 KA
561,17534227.jpg,40 290 LBA
562,17532592.jpg,10 C 127 QA
563,17532454.jpg,70 Q 717 OA
564,17532447.jpg,80 B 734 OA
565,17532340.jpg,25 Z 710 DA
566,17532335.jpg,01 972 PBA
567,17532327.jpg,01 148 OFA
568,17532312.jpg,10 C 118 FA
569,17532297.jpg,10 V 206 QA
570,17532284.jpg,40 P 472 SA
571,17532153.jpg,90 823 ABA
572,17532100.jpg,90 694 YAA
573,17531095.jpg,8958 AA 10
574,17530937.jpg,1295 AA 40
575,17529727.jpg,40 231 RBA
576,17529724.jpg,30 S 663 SA
577,17529717.jpg,40 X 343 SA
578,17529711.jpg,30 113 DBA
579,17529704.jpg,10 102 RBA
580,17529702.jpg,90 694 YAA
581,17527560.jpg,01 K 666 HB
582,17527534.jpg,10 Z 666 OA
583,17527509.jpg,01 U 666 SA
584,17527494.jpg,10 O 666 OA
585,17527470.jpg,01 O 666 OA
586,17527382.jpg,40 J 666 AA
587,17527364.jpg,10 A 666 QA
588,17527338.jpg,10 H 666 SA
589,17527322.jpg,10 N 666 TA
590,17527310.jpg,01 B 666 CB
591,17527290.jpg,10 B 666 SA
592,17527265.jpg,10 E 666 AA
593,17527245.jpg,10 K 666 TA
594,17527222.jpg,10 Z 666 SA
595,17527198.jpg,01 S 666 SA
596,17527178.jpg,01 S 666 AA
597,17527157.jpg,75 N 666 MA
598,17527129.jpg,10 O 666 QA
599,17527102.jpg,10 D 666 QA
600,17527086.jpg,10 B 666 UA
601,17526962.jpg,70 A 275 HA
602,17526933.jpg,70 A 275 HA
603,17523394.jpg,6862 AA 01
604,17520834.jpg,01 N 193 PB
605,17520687.jpg,10 R 777 QA
606,17520684.jpg,01 H 007626
607,17520682.jpg,01 E 010 PB
608,17518874.jpg,10 Z 414 RA
609,17518860.jpg,6847 AA 10
610,17518849.jpg,7465 AA 50
611,17518844.jpg,4675 AA 80
612,17518834.jpg,5082 AA 30
613,17518767.jpg,9864 AA 10
614,17518622.jpg,3634 AA 30
615,17516496.jpg,10 405 DCA
616,17516476.jpg,10 825 YBA
617,17516472.jpg,10 947 YBA
618,17512122.jpg,75 S 750 FA
619,17511256.jpg,10 O 221 OA
620,17511241.jpg,10 510 VBA
621,17511204.jpg,10 816 NAA
622,17509629.jpg,6864 AA 01
623,17508151.jpg,40 712 HBA
624,17507281.jpg,40 121 HBA
625,17506113.jpg,75 T 477 AA
626,17505951.jpg,01 H 707 BA
627,17505934.jpg,8218 AA 40
628,17505107.jpg,50 961 ABA
629,17505080.jpg,50 K 249 NA
630,17504916.jpg,60 Q 047 MA
631,17504084.jpg,10 E 117 JA
632,17503321.jpg,01 555 RAA
633,17503290.jpg,01 555 OAA
634,17503268.jpg,10 555 XAA
635,17503259.jpg,01 555 AHA
636,17503239.jpg,10 L 555 SA
637,17503217.jpg,01 S 555 DA
638,17503197.jpg,01 Y 555 BB
639,17503179.jpg,10 S 555 SA
640,17503155.jpg,10 R 555 BA
641,17503142.jpg,10 U 555 OA
642,17503128.jpg,10 T 555 PA
643,17503116.jpg,80 V 555 OA
644,17503105.jpg,40 B 555 BA
645,17503090.jpg,70 M 555 NA
646,17503076.jpg,40 R 555 QA
647,17502994.jpg,01 D 555 AA
648,17502974.jpg,01 U 555 AA
649,17502962.jpg,01 A 555 LA
650,17502055.jpg,7128 AA 40
651,17501914.jpg,30 W 615 RA
652,17501901.jpg,10 177 SBA
653,17501885.jpg,40 291 KBA
654,17501884.jpg,40 E 105 VA
655,17498985.jpg,10 F 606 RA
656,17496119.jpg,7464 AA 50
657,17495071.jpg,01 H 008590
658,17494058.jpg,0822 BA 01
659,17494042.jpg,80 J 518 NA
660,17492448.jpg,50 981 ZAA
661,17491419.jpg,95 039 YAA
662,17488633.jpg,01 680 MDA
663,17488624.jpg,8990 AA 01
664,17486504.jpg,2767 BA 40
665,17486040.jpg,50 904 YAA
666,17485893.jpg,40 V 517 SA
667,17483025.jpg,10 R 109 QA
668,17479539.jpg,50 349 MBA
669,17478546.jpg,60 P 660 DA
670,17477149.jpg,10 444 CAA
671,17477132.jpg,40 O 385 QA
672,17477102.jpg,10 444 WAA
673,17477075.jpg,01 444 UAA
674,17477071.jpg,30 091 JBA
675,17477065.jpg,10 C 685 QA
676,17477061.jpg,50 444 EAA
677,17477022.jpg,40 U 629 HA
678,17477014.jpg,40 444 KBA
679,17477010.jpg,10 837 UBA
680,17477005.jpg,50 X 409 MA
681,17477003.jpg,40 110 ABA
682,17476999.jpg,01 918 KGA
683,17476997.jpg,30 Y 952 BA
684,17476992.jpg,50 475 LAA
685,17476989.jpg,60 V 444 OA
686,17476987.jpg,9194 AA 50
687,17476982.jpg,8823 AA 50
688,17476979.jpg,7345 AA 10
689,17476973.jpg,10 C 685 QA
690,17476972.jpg,40 T 300 CA
691,17476969.jpg,10 151 SBA
692,17476959.jpg,01 G 444 GA
693,17476930.jpg,01 G 444 GA
694,17476900.jpg,01 Z 444 PA
695,17476872.jpg,50 O 444 OA
696,17476852.jpg,01 J 444 AB
697,17476832.jpg,3334 AA 75
698,17476817.jpg,01 D 444 KA
699,17476786.jpg,01 X 444 DA
700,17476769.jpg,30 C 444 VA
701,17476739.jpg,01 U 444 LA
702,17476710.jpg,01 Z 444 LB
703,17476681.jpg,10 R 444 SA
704,17476661.jpg,10 V 444 RA
705,17476638.jpg,10 V 444 SA
706,17476619.jpg,01 V 444 SA
707,17476593.jpg,10 C 444 TA
708,17476558.jpg,10 Y 444 OA
709,17476541.jpg,01 R 444 GB
710,17476521.jpg,01 L 444 JA
711,17476494.jpg,40 K 444 RA
712,17476475.jpg,40 P 444 SA
713,17476452.jpg,01 S 444 AB
714,17476427.jpg,10 K 444 CA
715,17476408.jpg,40 B 444 SA
716,17476398.jpg,90 A 484 CA
717,17476384.jpg,40 L 444 RA
718,17476358.jpg,01 Q 444 EB
719,17476335.jpg,01 D 444 SA
720,17476276.jpg,20 O 444 DA
721,17476235.jpg,01 O 444 HB
722,17476200.jpg,01 O 444 AB
723,17475808.jpg,75 S 261 KA
724,17475431.jpg,01 M 000705
725,17475408.jpg,40 419 LBA
726,17475211.jpg,40 V 786 SA
727,17474862.jpg,10 Z 030 AA
728,17474835.jpg,01 X 822 AA
729,17474832.jpg,10 837 UBA
730,17474806.jpg,01 200 RAA
731,17474782.jpg,01 413 WHA
732,17473523.jpg,40 W 466 SA
733,17473510.jpg,9666 AA 50
734,17473316.jpg,80 M 010 HA
735,17471841.jpg,01 X 797 XA
736,17471779.jpg,50 Z 382 MA
737,17471233.jpg,90 915 BBA
738,17471224.jpg,50 238 BBA
739,17471215.jpg,90 237 ZAA
740,17471180.jpg,01 806 OFA
741,17471174.jpg,40 650 PBA
742,17470956.jpg,01 O 444 QA
743,17470944.jpg,01 O 444 JA
744,17470913.jpg,75 S 444 JA
745,17470809.jpg,0128 BA 40
746,17470253.jpg,10 T 444 TA
747,17468715.jpg,90 087 FBA
748,17468709.jpg,50 U 468 NA
749,17468705.jpg,40 M 040 VA
750,17468701.jpg,2959 BA 40
751,17468697.jpg,30 499 DBA
752,17468354.jpg,1184 BA 40
753,17466942.jpg,50 300 QAA
754,17466938.jpg,50 300 QAA
755,17466920.jpg,7892 AA 50
756,17466363.jpg,50 588 TAA
757,17464245.jpg,75 H 576 EA
758,17460145.jpg,01 F 999 JB
759,17460096.jpg,01 N 700 BA
760,17460053.jpg,01 Q 255 XA
761,17459148.jpg,6520 AA 80
762,17458089.jpg,01 994 JCA
763,17458082.jpg,01 B 511 BB
764,17458079.jpg,01 600 GAA
765,17458072.jpg,01 615 YBA
766,17458059.jpg,10 073 YBA
767,17458048.jpg,10 100 TBA
768,17458040.jpg,25 979 OAA
769,17455446.jpg,10 767 AAA
770,17455444.jpg,10 406 AAA
771,17455440.jpg,01 343 TTF
772,17455439.jpg,10 H 000101
773,17455433.jpg,90 O 700 NA
774,17455429.jpg,01 859 AJA
775,17455423.jpg,01 371 ZGA
776,17455420.jpg,01 368 ZGA
777,17455417.jpg,01 367 ZGA
778,17452625.jpg,10 D 080 NA
779,17451070.jpg,10 H 011 RA
780,17448860.jpg,0098 BA 40
781,17448831.jpg,2135 BA 40
782,17446519.jpg,50 840 CBA
783,17446510.jpg,40 L 563 VA
784,17446504.jpg,50 U 979 GA
785,17446497.jpg,40 515 HBA
786,17446488.jpg,40 U 949 RA
787,17445423.jpg,10 K 333 AA
788,17445393.jpg,10 K 333 AA
789,17445368.jpg,01 R 333 GB
790,17445337.jpg,01 G 333 BB
791,17445302.jpg,60 U 333 OA
792,17445282.jpg,40 O 027 SA
793,17445275.jpg,10 T 333 OA
794,17445260.jpg,10 E 333 QA
795,17445237.jpg,10 S 333 AA
796,17445210.jpg,01 A 333 GA
797,17445146.jpg,60 T 333 MA
798,17445124.jpg,10 F 333 UA
799,17445110.jpg,01 O 333 SA
800,17445091.jpg,01 O 333 AA
801,17445012.jpg,01 F 333 FA
802,17444995.jpg,01 F 333 AB
803,17444978.jpg,01 W 333 KA
804,17444961.jpg,10 P 333 QA
805,17444944.jpg,01 R 333 HA
806,17444933.jpg,01 W 333 GA
807,17444912.jpg,01 Z 333 AB
808,17444888.jpg,01 V 333 JA
809,17444876.jpg,01 G 333 AA
810,17444846.jpg,01 Z 333 LB
811,17444823.jpg,01 E 333 EA
812,17444803.jpg,01 E 333 AA
813,17444784.jpg,01 F 333 GB
814,17444767.jpg,01 P 333 SA
815,17444743.jpg,10 C 333 PA
816,17444691.jpg,10 H 333 CA
817,17444667.jpg,01 S 333 JB
818,17444630.jpg,01 Q 333 CB
819,17444613.jpg,01 Z 333 GB
820,17444593.jpg,01 Z 333 JB
821,17444562.jpg,01 D 333 HA
822,17444541.jpg,01 333 ZBA
823,17444524.jpg,30 333 BBA
824,17444516.jpg,01 333 BBA
825,17443637.jpg,01 A 515 AA
826,17443620.jpg,01 A 720 AA
827,17443437.jpg,01 M 000080
828,17443421.jpg,01 M 011104
829,17443277.jpg,01 H 008555
830,17443248.jpg,10 H 003535
831,17443226.jpg,10 H 003535
832,17443209.jpg,998 HA 10
833,17443186.jpg,755 CA 01
834,17443096.jpg,90 205 YAA
835,17443080.jpg,90 386 ZAA
836,17443058.jpg,90 898 OAA
837,17443054.jpg,60 273 SAA
838,17443017.jpg,01 096 HHA
839,17442993.jpg,01 335 VGA
840,17442252.jpg,25 B 754 DA
841,17441661.jpg,90 M 634 LA
842,17440846.jpg,60 273 SAA
843,17438938.jpg,50 U 368 NA
844,17438933.jpg,6296 AA 90
845,17437492.jpg,30 S 447 RA
846,17437483.jpg,70 K 036 QA
847,17437470.jpg,80 C 797 LA
848,17435742.jpg,01 712 UZB
849,17435700.jpg,01 B 012 BB
850,17435688.jpg,20 M 000073
851,17435684.jpg,10 011 MAA
852,17434827.jpg,50 005 VAA
853,17433517.jpg,01 530 AFA
854,17433492.jpg,01 254 FJA
855,17432317.jpg,70 G 707 EA
856,17431762.jpg,50 693 ABA
857,17431351.jpg,8065 AA 10
858,17429750.jpg,01 053 THA
859,17425916.jpg,70 F 104 KA
860,17424874.jpg,30 F 331 KA
861,17418277.jpg,90 K 183 LA
862,17416190.jpg,50 775 ZAA
863,17416186.jpg,70 631 AAA
864,17416185.jpg,40 K 194 SA
865,17416183.jpg,85 R 815 GA
866,17415633.jpg,90 287 YAA
867,17414736.jpg,60 U 331 NA
868,17414733.jpg,80 C 476 OA
869,17414719.jpg,50 980 MAA
870,17414567.jpg,50 076 CBA
871,17411918.jpg,80 F 791 OA
872,17411236.jpg,10 E 991 MA
873,17410339.jpg,01 H 006600
874,17410337.jpg,01 300 KAA
875,17410335.jpg,10 P 666 AA
876,17410333.jpg,60 H 666 RA
877,17410331.jpg,10 K 900 SA
878,17410330.jpg,10 E 500 TA
879,17410328.jpg,10 681 ACA
880,17410326.jpg,01 B 943 BB
881,17409783.jpg,90 N 842 GA
882,17409744.jpg,7385 AA 50
883,17409060.jpg,10 128 UBA
884,17408516.jpg,70 F 818 NA
885,17408151.jpg,40 416 UBA
886,17407766.jpg,40 130 OBA
887,17407639.jpg,40 367 VAA
888,17407263.jpg,20 527 RAA
889,17407259.jpg,50 P 477 DA
890,17407249.jpg,50 021 MAA
891,17407245.jpg,50 R 244 QA
892,17407244.jpg,60 475 HBA
893,17407238.jpg,30 L 795 SA
894,17407235.jpg,30 Q 734 UA
895,17407224.jpg,50 A 781 OA
896,17407217.jpg,50 T 263 NA
897,17407212.jpg,50 397 DBA
898,17407205.jpg,50 S 632 NA
899,17407203.jpg,30 062 DBA
900,17407201.jpg,50 181 ABA
901,17406942.jpg,40 W 564 UA
902,17401224.jpg,90 Z 662 EA
903,17400944.jpg,50 387 CBA
904,17400896.jpg,40 Z 015 OA
905,17400894.jpg,30 L 667 SA
906,17399462.jpg,4972 AA 30
907,17399424.jpg,60 H 505 RA
908,17399412.jpg,40 L 278 VA
909,17399393.jpg,70 E 360 RA
910,17399348.jpg,10 M 244 BA
911,17399346.jpg,01 948 YGA
912,17399284.jpg,30 448 DBA
913,17399279.jpg,80 U 516 NA
914,17399273.jpg,80 C 606 EA
915,17399262.jpg,01 V 495 GB
916,17398999.jpg,01 R 520 UA
917,17398791.jpg,01 218 VHA
918,17398161.jpg,40 M 254 WA
919,17394998.jpg,7057 AA 50
920,17390450.jpg,01 O 707 HB
921,17389550.jpg,10 V 010 NA
922,17389548.jpg,01 D 010 BB
923,17389544.jpg,01 121 ZBA
924,17389542.jpg,10 L 600 CA
925,17389539.jpg,01 P 009 HA
926,17389534.jpg,10 O 800 PA
927,17388129.jpg,10 222 CAA
928,17388100.jpg,10 222 ZAA
929,17388066.jpg,85 222 EAA
930,17388050.jpg,40 222 NBA
931,17387921.jpg,25 222 CAA
932,17387898.jpg,01 B 222 BA
933,17387873.jpg,10 L 222 TA
934,17387861.jpg,75 Z 222 KA
935,17387828.jpg,01 R 222 AA
936,17387814.jpg,20 O 222 EA
937,17387795.jpg,75 U 222 KA
938,17387774.jpg,90 U 222 NA
939,17387754.jpg,10 X 222 PA
940,17387733.jpg,01 N 222 BB
941,17387706.jpg,10 E 222 CA
942,17387681.jpg,10 Z 222 CA
943,17387665.jpg,40 G 222 SA
944,17387650.jpg,40 U 222 SA
945,17387637.jpg,70 E 222 AA
946,17387614.jpg,01 A 222 SA
947,17387603.jpg,10 A 222 QA
948,17387565.jpg,40 240 VAA
949,17387559.jpg,40 987 DBA
950,17387540.jpg,10 G 222 RA
951,17387516.jpg,01 A 222 DA
952,17387497.jpg,01 A 222 DA
953,17387100.jpg,10 G 894 SA
954,17387076.jpg,10 470 BCA
955,17387057.jpg,01 M 012065
956,17387010.jpg,01 C 929 BA
957,17386978.jpg,50 Z 880 AA
958,17386966.jpg,01 024 TTH
959,17386950.jpg,10 825 YBA
960,17386935.jpg,85 377 TTH
961,17386929.jpg,75 534 TTF
962,17386916.jpg,10 K 013 WA
963,17386902.jpg,10 O 770 AA
964,17386894.jpg,10 N 037 WA
965,17386881.jpg,70 A 259 SA
966,17386033.jpg,40 P 714 SA
967,17385703.jpg,40 439 LBA
968,17383241.jpg,4978 AA 90
969,17381294.jpg,75 O 313 EA
970,17381289.jpg,10 762 UBA
971,17376963.jpg,40 R 170 TA
972,17376958.jpg,50 279 MBA
973,17376687.jpg,01 H 000007
974,17376679.jpg,01 H 000007
975,17371801.jpg,10 C 616 GA
976,17371208.jpg,80 O 329 QA
977,17371185.jpg,01 M 009195
978,17369504.jpg,50 E 010 NA
979,17369494.jpg,90 D 968 LA
980,17368506.jpg,2607 AA 25
981,17368487.jpg,1555 AA 20
982,17368451.jpg,2611 AA 25
983,17368430.jpg,0706 BA 40
984,17364696.jpg,50 C 241 PA
985,17362364.jpg,01 111 BBA
986,17362355.jpg,10 111 BBA
987,17362337.jpg,10 111 BAA
988,17362323.jpg,01 111 PGA
989,17362308.jpg,01 111 EAA
